seed,walletId,edition
ooU8CrAGL3ASBUMaAhfB3R9a5T3m4V6TEVVDzmiYoMmCGXwvhJo,tz1UZGPJtRLsNyYUuYyQU9DSepSF13XxYxFk,1
ooa8PHz6zA8toZ4FBac7H972oupjbSpq8SQGFTaMuDL3dXQb2q7,tz1fhd4k1jSJRRcNVbkMwVzkKEhX3kzApsfk,2
opW8eZwer244UHaYBtPNEWz6LLNfrpyjZNcu9GTJMHuHqEb7SL1,tz1ZTDCfahwoYqF6sJmxTmbtGDskPoAateJX,3
oneZnunCguSKwZMeN7TKmvsxQ1ZzyeHojuiQsSJycFnfEkrWbuj,tz2K1rDmszPuzVQYUcyDFxeSm7ZEJdDvhXx4,4
opaWJPFcyqQUpk2JdUaG3ry8C5gkJHMo97PSS6tZFk9Skrcidfg,tz1KseWbS7f7YQhGsGP8QmXDJyzrKV71xxyj,5
oobGxJDksDQZqGkcHcVRajzmAu8DDoEix7i2fXBchdAAh5XAdsp,tz1Xxc5xZmEaz8xJ8STdBZ9CXHHxTsA6eyFT,6
opCby8nsd2jxF3SFrjVMUfdenNMP3dVEF1mvLvi3rCr5saUErNp,tz1TSWEDs9wcBx2KiRzVzyzECsNpRiZaLJ1D,7
opD9PnSLY9b5Eqe1r5cNAFVGA3Xt1FXviQArnZ3Z7AzN9qdrFoV,tz1NKHjwrYfg7GWwbWZ3bvdejkVL34De72Pz,8
oo3o7GRmekzo153w2zLN9TyMZsTUJEiBrwkKuNE2em85f6unFEP,tz1cbhmVZuFTKHcACSFpg5ER1bGVGkanhrbW,9
onzFVkvDf5feHKrvY1fwga3vr9YTAcUdb2aJYwuHfuGCRnZiRBH,tz1WRVgKHfkZvuEymYgHTFZ9ck5wNBQ4GQzC,10
oomLi3xMVkV3ZpZBQHwoK1yN2ayBuRpQRsLU7Y98sXukQ89QKD6,tz1TVa5tuFYt1wnUL2EZoZ5qknWLPhYrrGMa,11
op7CfeSWtZvHut2H33D18TRkxJXywSiGRYPeHBUTc8pwoJUpipM,tz1RJaJXwrqyjUtWyXqcybX77yUKHj8j3oyL,12
onktvWNLMWiTYsDtAze9z2NzGoTRuu98homJGvLgceygE14TLqG,tz1aRPbvjrtvt7wC9352giq3LhWpH3s8NoBv,13
ooE6Te1Cuh9Q9NPv4W5aJURRcWoNYjf9JUNDvVKLw8s8nJRakoK,tz1Y9XuoJJqQgNxVVesix1RLvn2k94JxD92Q,14
ooE6Te1Cuh9Q9NPv4W5aJURRcWoNYjf9JUNDvVKLw8s8nJRakoK_2,tz1Y9XuoJJqQgNxVVesix1RLvn2k94JxD92Q,15
onhzEL2sG9hWM5y1YhMQroSicBWiMSqFsD76MtTRiqeq283JyLZ,tz1g7Aaac9ssD7cDUTngyXyx8QiVUsAVZCjQ,16
oowZsif3iKoLjRrrcBRShhbb7YusonukjSKA3n5EMaJNrrVSc2v,tz1gsrd3CfZv4BfPnYKq5pKpHGFVdtGCgd71,17
opFcVfcjDULwYFXyF6f5fDq5jtuhw4vz2bNYn9EEhJ9h5SaNgNt,tz1PB9bzCecPNF9Tp6Gy6KunwxxFA7wqJ4E6,18
onoYGs95ASAShzKK4Gg2fr2RZrton1dU2a1qHB84ajwXGCX1tEP,tz1Vkoqo2ZQsVXBniYJDfX6F2NMfH5RoEuGn,19
onnuFbYfVE8V8rrpJA6dsnNVNx5khtpGSH9AG65PZJQELa1HSKY,tz1PXmUnJDh9zPKQxZLtSZ11DZbPki6XmWfP,20
ooBfZ7jw2GBy9tLn7LgJSR4aDJzBK6gRSD1TFm7uSaB3HzfT6ck,tz1d4zP1ZbzvXo9nzGVADieAYRyTLJzFvPvW,21
onkaoQYDQbCTyXsPZn6inqEvuG9CGCkgcpRTPXmzEsTT7KzgUdZ,tz1WRVgKHfkZvuEymYgHTFZ9ck5wNBQ4GQzC,22
oo1xZYiujpCp11QpiTeoP9u1qmNesJEkSsQrDu6QWKe4n4GJDQh,tz1TVa5tuFYt1wnUL2EZoZ5qknWLPhYrrGMa,23
opCYMAzpWkYsNCzGHeDfSRzeyyctFNCqNzTUkJiLEtNGqyJHgdH,tz1KmM4DjPbXUG7FkZDsLFLeK5kHUKUNrto3,24
op7i9ffN57Y73WpbpsoFUkNYn9V95VQCBd3WL76gxREArAnhFfH,tz1TtUyR5URy2rGZS9pV8JT8TuhixiEPf3xF,25
ooucvC42egb4B3UjoUUmVJvssbcUfpzwwKXU7c9VxfBrh4KTTL9,tz1d4zP1ZbzvXo9nzGVADieAYRyTLJzFvPvW,26
ookH7Yy279PWSuC6ZuUQvgFA6e76Kmub2mFHMg7CHZTP3CoA5y7,tz1QpvURES6sBsL6gGh4aeBRtw6ShcAjYj6u,27
ooKNGBWRhtqpBY6SBhAwNFShusmoAi5uZ9txc9jJMzbkvzfqF9M,tz1QWFRpbN4rA8vABvxPAREtuffu6F1VKFTB,28
op46GHGnfhoWpK4JDqPqxX35EV22T6bawRobxX6CcirnFfKKvED,tz1ehhHuAQXrdXukswG2PP7TnptsEfHDxbZK,29
opDVjVpVF2zmhLK1BRca3MLgM3CcRodrVGmMe7sg8iB2ENFWYcM,tz1M348mq4NQsN56yGhFtLo66LDRHD9WjHSu,30
ooqzMn5bPFMXF1f6ymaxDnXUcQMhU4v6mLc6gv38pFrYeDcRysC,tz1Tp2oAMsVSbYvvvuAP9sdFsuXd5Q414WJU,31
opRSNtzQERYoZhr5CUSBXQMZKYogcDNStFGAGqmmShR4z2JGMYq,tz1fhd4k1jSJRRcNVbkMwVzkKEhX3kzApsfk,32
op2CZQuAxuxhACnF9AbC9YeYgrQcuSqJ1c2wLFHWdv1vPWwbsre,tz1QETJtQrvb1YrqKNNS2T1rdVuNa6Y7s7iS,33
opMxvqtjzVxUMC5mfUxtHFwCXouUPpKYXVGEf3BxYyPYUQT6768,tz1YJvMiZyXnzvV9pxtAiuCFvaG7XoBZhbUQ,34
ooRDCkJWtXjwB8JE926SFUeNVbhPuyREK14VhzFKG6dTKJoLUov,tz1RNaWaAuZjWxmdFzm28pVBgf3bhMcfTN8R,35
oooxtAk9s4PWy3iGarc59oD92sxVw1KCxFW7mZEWZXoQu95b97x,tz1MfuHgpyDBmwbYRJjjBGyKGZgFBPLyEVWd,36
op9hpFDRDtAnAk8VkWk2pPaXLiSaY86qJpfab74ZVwP1UFNT3Jm,tz1MsrdFYZfY5SJynGCjBCgsLeR3aVRMitTn,37
onoaiH49xwNVM77M7AGggaHUPcjE6gtf3K6Fr2ukkeYgSzvHwmF,tz1h7sQhBdKfiiAYXvtTFNPocFG92b47K94Y,38
oozhTEiGs2NHNNW3fsv6s8vqYjKeQK1ySu7eqSJ49JY6wbRX952,tz1i5uekB9LeMyJFZKbMD4PkKwSJHpcXVrBJ,39
oozhTEiGs2NHNNW3fsv6s8vqYjKeQK1ySu7eqSJ49JY6wbRX952_2,tz1i5uekB9LeMyJFZKbMD4PkKwSJHpcXVrBJ,40
oozhTEiGs2NHNNW3fsv6s8vqYjKeQK1ySu7eqSJ49JY6wbRX952_3,tz1i5uekB9LeMyJFZKbMD4PkKwSJHpcXVrBJ,41
ooR8jK8UAceE6MKoXBDfmbym6kZtBfETqaMwTrpYBQWfiA6Kh2N,tz1eXhtT4wrw6RYciuTatNPMNE2ZRjySCJTL,42
op7r3jjBvuUJCXKxY35SkgrdJewi5craNpLXwF865A3icaNdGRC,tz1eXhtT4wrw6RYciuTatNPMNE2ZRjySCJTL,43
opWrvQC396L7k8N1Pj8PboUtDd9k6shtJNJmtuyY5U8uKg8edHT,tz1eXhtT4wrw6RYciuTatNPMNE2ZRjySCJTL,44
onofUNa1XAeDGbw3d84x97xQZ9ypUWPtfuaif5RDCdVng1KgXKV,tz1eXhtT4wrw6RYciuTatNPMNE2ZRjySCJTL,45
opVFRcGfRz84oQ8aJNNBs6qFsrY48j8LKkSxncwfyidmUJ4h9b6,tz1QWFRpbN4rA8vABvxPAREtuffu6F1VKFTB,46
opVFRcGfRz84oQ8aJNNBs6qFsrY48j8LKkSxncwfyidmUJ4h9b6_2,tz1QWFRpbN4rA8vABvxPAREtuffu6F1VKFTB,47
oneTCoDq5bu5mgcAzVZg3Ya6s66U8egJZ3DFYvjkFE7FzSPUwTh,tz1VP6GUGdHdjCLzVFqRjBwsie3uw5UM4D1p,48
ookrw5TZNKfYa96EiSnHB3mnYMt2M6YabhC4PJ27MjBcanZrBoZ,tz1VP6GUGdHdjCLzVFqRjBwsie3uw5UM4D1p,49
ooTswNdbyrjHZQ8BbzB4Y465jCbkeqcGkd3Fie2veLBD2stsbE5,tz1VP6GUGdHdjCLzVFqRjBwsie3uw5UM4D1p,50
opUwpPjamEe5D1TgBQcptRNLcRKoQwNJbvwjHm97jSigJayDHbv,tz1N5LxqGVNxim9F9hVAciPGqxNjqscL1eUL,51
opUwpPjamEe5D1TgBQcptRNLcRKoQwNJbvwjHm97jSigJayDHbv_2,tz1N5LxqGVNxim9F9hVAciPGqxNjqscL1eUL,52
opUwpPjamEe5D1TgBQcptRNLcRKoQwNJbvwjHm97jSigJayDHbv_3,tz1N5LxqGVNxim9F9hVAciPGqxNjqscL1eUL,53
oodUa4mqJgEavWh8cztcL9DztguWmBdXm6fALHDEftFteNBqnjC,tz1VjQwV2YrNchNz2CtCHaM6VhkyKXeiujmz,54
oodUa4mqJgEavWh8cztcL9DztguWmBdXm6fALHDEftFteNBqnjC_2,tz1VjQwV2YrNchNz2CtCHaM6VhkyKXeiujmz,55
ooiQEnSBj3Y7ULvXK9hmTp1ZSU8pUHeDRg1EME4iHFzPR1Qntd9,tz1VjaaBTjSEywNDdtHyQsdPKquDxKMwkmWp,56
oofazm4ha4yz36mdKnL5D8WSbgAooSynyYf2gm46pCpGXuWZ9Vx,tz1bgkctNuMBKKkmqdw1NVTKChv5Sewb5t9y,57
ooCBsk4fBnAiUGBH7yn69nYUvNKqoHfWvk7DxzUttYF9Y1rMqWK,tz1VdW8kSNjausgiMw19ZECcB2Gn4pEtxH9w,58
oo5gE2wtQn22VH4tJxNgGFwGoizt1G2qEUXMnfRhZDUUsHGE1Xk,tz1VjQwV2YrNchNz2CtCHaM6VhkyKXeiujmz,59
oo5gE2wtQn22VH4tJxNgGFwGoizt1G2qEUXMnfRhZDUUsHGE1Xk_2,tz1VjQwV2YrNchNz2CtCHaM6VhkyKXeiujmz,60
oo5gE2wtQn22VH4tJxNgGFwGoizt1G2qEUXMnfRhZDUUsHGE1Xk_3,tz1VjQwV2YrNchNz2CtCHaM6VhkyKXeiujmz,61
ooe12bY28vXxjgsJ9BfHtAxPG9MMDA2H6zuPHFXbg5AAL9Pviu2,tz2LjW2Zw6VY8G5aaH7JUBN4XdYSF3mKqGh8,62
op5osbkMxU2cjHFh2F8nTk7b5v4KhXdYfUoSdCA6vW98tHbVRP9,tz1i5uekB9LeMyJFZKbMD4PkKwSJHpcXVrBJ,63
op5osbkMxU2cjHFh2F8nTk7b5v4KhXdYfUoSdCA6vW98tHbVRP9_2,tz1i5uekB9LeMyJFZKbMD4PkKwSJHpcXVrBJ,64
op5osbkMxU2cjHFh2F8nTk7b5v4KhXdYfUoSdCA6vW98tHbVRP9_3,tz1i5uekB9LeMyJFZKbMD4PkKwSJHpcXVrBJ,65
ooXXsQgkjUaQz8TgXU4MxR57dVrmY6eR4UEYpAfFMcckKSbxbZv,tz1iaGYzLKTnatyN7UjimbKfYdUEwiG9xKM5,66
ooWz7iE2D8MBYnVMUX5JPfbRyPrsyTXskyM3aVv5HkDda8ytPdT,tz29tCQDFw8KwaMaBuroze6Sv2qd47nnP5Hv,67
ooWz7iE2D8MBYnVMUX5JPfbRyPrsyTXskyM3aVv5HkDda8ytPdT_2,tz29tCQDFw8KwaMaBuroze6Sv2qd47nnP5Hv,68
opEPFzsSY4dT7UvauQK2U56wFLng6tbFgFNBF4yZ1TGJij5ncMQ,tz2LjW2Zw6VY8G5aaH7JUBN4XdYSF3mKqGh8,69
ontsB16djrtJJUAEFozNG3AsV3bdnVXQTwCtK37zVk7toZvG2V7,tz1YQh4z1fEYZEJhMyV4iXuxAW17LZ4Ashmo,70
oo2kRkwStanekbDpTwoj3knx5hSXVnBnxrh93Q5p5yZ3P2r2VLv,tz1MsrdFYZfY5SJynGCjBCgsLeR3aVRMitTn,71
ooCXog4hf4wTpsVm6TRWeAC8ADr6BiNCamWgXDqbuNYeRMVmvoL,tz1iaGYzLKTnatyN7UjimbKfYdUEwiG9xKM5,72
ooCXog4hf4wTpsVm6TRWeAC8ADr6BiNCamWgXDqbuNYeRMVmvoL_2,tz1iaGYzLKTnatyN7UjimbKfYdUEwiG9xKM5,73
onr4j9mRmJ2EDUh4crpeezV79VQtqjTnRJP9noQ185gXjuUbr4b,tz1gHQkfAo2bnWXUaSXK9a4t2p8CmesJZWfW,74
opNRyCHkaCeWG229PftNs1CKg4jaL9kipQHLq9sgd6j2QQBnBfn,tz1X7g3cVm1kkoTp6d4cNKprZUC2e3cDC91x,75
ooEcpEhaCtatiPdri98nTju4rfCgojticZEdvRhhxipibe5pABm,tz1Us632Z8mVMLZqCs1FXuwyBEBe6o4KjHzG,76
ooEcpEhaCtatiPdri98nTju4rfCgojticZEdvRhhxipibe5pABm_2,tz1Us632Z8mVMLZqCs1FXuwyBEBe6o4KjHzG,77
ooEcpEhaCtatiPdri98nTju4rfCgojticZEdvRhhxipibe5pABm_3,tz1Us632Z8mVMLZqCs1FXuwyBEBe6o4KjHzG,78
ooDwTo88CX9414iE8np22AQX1vu1ucrz55bNpuGmj5HYT7Qc2t5,tz1TGLDoTGF8qyc6gDjCgquKxUMAwCoU6jwV,79
ooW41yEgG6REzh7gJZ2qER2tN9YFckzZKrrW5gdSY2tdwY9t9kt,tz1iaGYzLKTnatyN7UjimbKfYdUEwiG9xKM5,80
ooW41yEgG6REzh7gJZ2qER2tN9YFckzZKrrW5gdSY2tdwY9t9kt_2,tz1iaGYzLKTnatyN7UjimbKfYdUEwiG9xKM5,81
ooZpdXfeVkRUej5AYV5s1sH3yxGBzPTXPTWaJeXKbJaSCDzt19S,tz1NQWFFhVCiz9Kdc5XFEJrf7LoAuFMZjp1f,82
ooJBK1dUUYTWvuomDJbUfjnK33uxScDFodX6kz9A3cKM9vkcXzh,tz1Mq3CUUWnnKVRvW8pVg6xGFFt7ArxudsYP,83
ooFbxC66jRfprx1DM2ovsWU5vCC9UPVL5oGXD7DpuQPHsnNeWCD,tz1e52CpddrybiDgawzvqRPXthy2hbAWGJba,84
oozDpnFABSpjYAwXsYKz4rAjJ57C1uy5xBfu3NLAtWHMFfLenGf,tz1e52CpddrybiDgawzvqRPXthy2hbAWGJba,85
oozDpnFABSpjYAwXsYKz4rAjJ57C1uy5xBfu3NLAtWHMFfLenGf_2,tz1e52CpddrybiDgawzvqRPXthy2hbAWGJba,86
oo79MMo3W6KgRSBLn1C6VUQA4DCfcvFAC8RaLWH2KU4u1ixwykk,tz1e52CpddrybiDgawzvqRPXthy2hbAWGJba,87
onwEgiwn5KMmZ238zNsLyehJ3fNcyVRmPK6A4ZZqgYB8aj46nYd,tz1e52CpddrybiDgawzvqRPXthy2hbAWGJba,88
ooAgZGaeu5wwVdQLSxSEWWQtaBgPWhhFYJbuVfeigBSdmXoghhd,tz1SebuhdgF39y5JGVKx4k9i2aj99VDG6eST,89
opNimZ6ivkYRocwuMCQYa41tSuUMXUc5CqrCAbbfopsuWeQjEz6,tz1hYc8FKJSztPJb8a9b4V4yQBGtk9t1FkEj,90
ooTDmeofAgrfWdM123pRFKvZ5TSqNLJug6XQeWYtzGoNTpeQwbA,tz2MRhfAKUyNZDKH8XBzmXyCwd2h5ySbgZJJ,91
ooWpFPFKbCJ3Pep7m2D3os4L7tWGc5Ab8YLghGtqoWHEsnCAPBz,tz1Ze1yDkdjswuNSstQ3hTLa6hnZmBBJ5oUQ,92
ons7PaRDbe45ds9sGc5dzSQZ4qXvs2CVVxER11wEVGXXrQcD9gy,tz2DZSaGavoCUi6Y6sihtZKTiFfES8kjUpP2,93
onh2PuZCdBRae8Dd4eW1m9oaFxqVDsB9G93KURf8YZxohbExwBk,tz1VLyW483Xza4WHHQyRKVp7WoBcN9mhiuQW,94
oogyCfJTKDrf71ZomEE5os8GMz7mrRjT5YfKRPQMHgqP851Q7ga,tz1dghi1QtW2ATgLjWEw6agacKXQifkZSNA3,95
onjmECzrCMgvm6cDGAmDVam48eDjV4EcDtKCP1qRoELaFaZ8GM4,tz1YxmRHQRy1WVbo1k5ZaG7iuEqPowLkBKqi,96
ooSh3oE4bdJrecY9pdQFv1J3AnW5PKNVWph7m312TEYuJ8KjLrK,tz1R53ECSBpkmcXLtxJxvuvM7KoqETHimHRf,97
ooePFfiDao4ingVYXLo713LkByaXsxcVVfvCssDD6MeUGvWTcW5,tz1dd2tmTJFRJh8ycLuZeMpKLquJYkMypu2Q,98
oohPMM5wqKxFg4CMmgn5XCthTebPQ71n6kspKSrRRsmnGN9nhBx,tz1McVAjR9YULDNWTUpSKtutjYCWzfKFF7h9,99
oosTNuxQw6uCSbHjdSKAjnmkNVpMhVZbwBXGapQ1wYMY5ziR2VZ,tz1PqooZUtCQqP539PmMzUWHtaUX6EQtFY5S,100
oozeUb3px2aG618HWQqjfGqRpwMxjzvGrSgK5D5Qidwtkvivo8x,tz1esEY2yNUNAFnescGecqbiEjuB7W5uvJNE,101
ooLzvDjp7M3KgWw7Ua4avKaCv7VcTKe8EGYn2JxkTLSAYopueAT,tz1d4nw6znAeP9ovjdvTJEN6t88ai6b912QU,102
oomYGYBnqGcUR2utBVwrt9xtPm3LjZq3U9qQhYk4jFpZXd98uAx,tz1R53ECSBpkmcXLtxJxvuvM7KoqETHimHRf,103
opNDNcqBqmzXcenh1LhGkitV7eU82hq2WLMGj6W6TedMiZhzYzC,tz1VCjq6K1XpxTYstoHF2TuG8AFr4vp3JC8G,104
onpCiLR1tQvCzVWQ6ise7DphkUnYB7x8EHFt17aySs8gCiaEzNb,tz1ZGQ9DKUy8JeSS6WrYrDr1rC68bjgwbxVB,105
ooqoVaffHZdXC4jiN9U1NbB6anBkLfj29d5o1MmzY65MFxSJdse,tz1PYqfNnkpZydtSY2Tn3Rv8mjkgUpHJpFXC,106
ongv2wA4gSZRuXLnYDMYknDt3tPFCUt4VUZNiBRxvKBDR4uUFse,tz1MsrdFYZfY5SJynGCjBCgsLeR3aVRMitTn,107
oo6UY9H6mBsCj7bpYisy1fafZuiUGvJgK6sRsUAUiPY5FUbzAMH,tz1VoWbkbPq18NGrq4M4mdiVfNf5Tr6Rr8HV,108
ooAa21iPqwKGEExQ3hK9mqELLCp5Cg3mvJ4XnhUgQRfhFW7zsBM,tz1L3RYAdYkTe8UckJ5DWDh3pLWrHXLpzNmS,109
ooEGuvFpiZ8rBu4A2jyrPrApGcfErcdpb8o1TPCY29ooTG9ZTzE,tz1McVAjR9YULDNWTUpSKtutjYCWzfKFF7h9,110
onsT9RC36QetrjkSBM29EEtZhNG3ADScw7UW5Zt6HTLA9BGUHVU,tz1esEY2yNUNAFnescGecqbiEjuB7W5uvJNE,111
op2okgx9UmjuqZySFVTYiqj857ZGZdqjLFmsK33ds71dYcrht69,tz2Mz3ovkZR2HyC89CHHSdsrPya1mKSmLWfD,112
opTf8wUugRazBDstepp52woq16xPGeuNsrT3vc3c53sjuvRFfoa,tz1KySTBB8RXWVraggfXWLaLR9H3K3JBEbgt,113
ookeutv2wDQQTi3skcYf9svJ76axnuKkMM17kZHXCVsnrJoH149,tz1f7LPedx2RMTthZUfdySURZPZsBeQb2TFK,114
opQRGj2JQdKtX351y882zqhqsdGkaLweCJrEzfzAKDYtevywqTZ,tz1f7LPedx2RMTthZUfdySURZPZsBeQb2TFK,115
onwWhF1qhHhboQTm3BXjFzu921ffDBCBUCfbhAJjn4pcmG3GnAj,tz1KggojgYhTawRaj2r9i8mTANNr2Dsn44cx,116
ooqy95F4fEJFYXTi9ixMYZC5zKbxPcis1QM6bEXY6XvCrWJnwBC,tz1RnCGSjMafWbx6WioVAyw8wxSDTz7parWU,117
oou8L8kezPakyuZ7U1PYARkMnwiNVr3NxeVuE663JXnL3izgP1d,tz1anXcLR9C6gjs8FLAB5ZuZnLB3MUepByEE,118
oo9E2iBjNGBTnpXEt8ykrAfLG2yLJzqfeiQQxffQAnYh5C7dFj9,tz1NcUUJKg79Vpk4jxQjmKrrxY7gpUXJXhTY,119
ooBYwZnnQnVJa1EoqjwjqiaPSipboNev5FfJLjE5xDfqjezCp9V,tz1Uza3jMhipiQMtmeEidizjbSqnqZMQyRv7,120
ooU3U5Px8BGskucsXYktPKGJkx6ZRDEFcYCc5Uh3YXzvmkCgxwH,tz1SXnaADssozctaFKr6ajZgJ6jSjq5uLxjF,121
ooZ62LZMwDT2smKrXPt9w24eWnMLuZ1Zq85m9SAKAbBzD4CV2aS,tz1N1uQa5RhpYDcKAGVp9wg3wvJ4oq1VPSsW,122
op9RD7t5PdHcL5wZapvykvmRYH1qdAHFG6ZKKRMpjezcn7JTHAD,tz1fzJFDVUYJSCv5EkXWv6S1zDNjmPtsxRD2,123
oneJu4A84ReJ7CNLS3ZakeDt36hZowPYvVj5i8sMZet585V9VwR,tz1PRMuiYwSLE6mJy9PnjScPEGYLiRn6C8b8,124
opK2d8mBpWiTKWXo9eMbSs87DRXhvnQfZQL2wzVk1oa6RyYbVrU,tz1MDEdswvC13ijGhPKHvAYZYjfNGXnCsekp,125
ooSNuee7Lms9d1JdTKaw3XpmYkbL3qo1jU18qN22CJ9zQwjc4n5,tz1MDEdswvC13ijGhPKHvAYZYjfNGXnCsekp,126
ongr44pyeQyf8otrAU1oYL22uBqaBXtWSJknxNJgGh8ibe6MJz3,tz1bpZNjxdgrUkMnGSiuBQduciHKLAFe41gM,127
op32Nm23pTBa2457CUeGGtJqA2qEDLCsYpFaT1s3kEEZDpnTK6y,tz1bVYxjA1CuaTLqqZ9GwxVtmJQB3c7oNsta,128
onsT1hvfYNxSckvZ6CduWbsWvifqyHMewzuLJLAQ8JGZHwU9cyj,tz1UZGPJtRLsNyYUuYyQU9DSepSF13XxYxFk,129
opDaq2fM7A7JKXNvPKWJjNyN1gfdbWxrf5f81Js8bZc6z5A9vU2,tz1YQh4z1fEYZEJhMyV4iXuxAW17LZ4Ashmo,130
oor6GnbBKhrASLeWxjPs1qAME2CEUM1f1TivyYdc5LLd9NBCnAA,tz1bvZLTXp7fXUSZsVZQRtyvcEz5hy3pGbwZ,131
oo6PJX2AeZQTNcx9PtcGk6ZSB6BxUgZNG4fXz3YYMgDu3wQxXMc,tz1PYqfNnkpZydtSY2Tn3Rv8mjkgUpHJpFXC,132
onhEHp14gjsi1xbCB2dFoDzMKNms9UNqxB3T3ZhWfuBShfG7D4w,tz1d4zP1ZbzvXo9nzGVADieAYRyTLJzFvPvW,133
ooaNU9LPPbXHUD7SJJYMuSQKDVoUkgW4AetEFy3TSwa4r1PN56G,tz1SbPqeXzDLBveaDonADGSBCso3ta7jenHP,134
ooBgyBWjWaYxXh2yLvksnzabeXeeGLQZFq6ivn34vcj2FpUbDZw,tz1f7LPedx2RMTthZUfdySURZPZsBeQb2TFK,135
oovx5JjvXBYC1bxPxg6zxo3Wbw913kTYTPxenQwj3fbCosq4xyg,tz1dQoq5JSxGX5ZjT2rM2pABefNMU98MsLvW,136
onhgdyqCjpyKymqWAwzf6jCcasUDe3gr61GjWh5qa3xSxSKgJBG,tz1WdZcXjzUZUwEYqDvKzYZ5oDMTXgNw9myj,137
ooNp79oYwjfXnmaSH6EkhfSQm3ELFAXbe5X5ba3PEeVr2EcUZhZ,tz1i5uekB9LeMyJFZKbMD4PkKwSJHpcXVrBJ,138
oo6kfoCdZjiVwoTjEsgaUBeDwE2s9Ut2DpKT2XZW5UmdmM6u2R8,tz1bfPZGyRWBBUhmVL6AtRBvwtr63B9oBGVc,139
oomKbRPABkMZBHDGihMGBmT3B6RrzsYLd7SfhwHute2MaiZRiGN,tz1WLzGuhJx3Tarf3RvzFGgZBHQBYsz956fZ,140
