txn,date
onsFqDFSTq731hgudvdtqwiRg2MGmmQzXpp1eBamqz92tY2SAby,2021-06-03T11:22:08.739Z
onejZ5SRmKPDEHYcH7JcQw5TkLTkkGiepVEGTqZ5VgaCKmo9znH,2021-06-03T11:58:41.496Z
onudJ7cspUKQZWFU85tXbp5cTE3eYq3fu3j37PPWTTvWNvopShe,2021-06-03T21:29:25.314Z
opCmRRS4vzgcauBdxdmMMCYqrmcT5QsmdiL8318y8ZFGJwmAnxR,2021-06-04T18:20:49.333Z
onu17BPTVwDQsMDrWmSpDpaXePocnWN9iaEh6tzrMeJLoddjGYX,2021-06-04T18:38:51.748Z
opYohc66MndDKjqGUKoHnQTi6pZUfJ4V7c6LQE6AhoqGNPwnpe5,2021-06-04T18:50:24.129Z
opR1fCZNiH9Toqp38dwDGjyUdPzErFYdu2F9f8Y77utEXnGVBD8,2021-06-04T22:39:45.354Z
oogKQXUYh1sLuqnaSwEx7qvkdfg4s518veaoQMr7qcVVtTYizx2,2021-06-04T22:50:22.593Z
oo1UYif2cpMugkriBZFhpHhCRW4jZWH1z8kZZVakjSQfZzZthaz,2021-06-04T22:54:41.670Z
ooJmtf6SG1eR5VqoVNsUwKBj9QZbc1ocSv9zLjVgwPrjELdihtt,2021-06-04T23:48:37.057Z
oottTJrGEyaAtKra4RGFbrZzS3s5nipoqXnkoRAgye8E5k67UHY,2021-06-05T07:52:57.179Z
op5tvHztFNzRTqa17zEJZSkbPTWkGryX5TTt7SicFyJPWMnkJm7,2021-06-05T11:37:19.308Z
oodK2ik1pwt6bKZ2hQaEBfsuDGs1xvAYo82krQEqZQBDBV2iT82,2021-06-05T14:46:37.182Z
onirygC1Npe9BnNC9UVSetEHn6UF24KuhXYXQ45xQBKRQox2wjW,2021-06-05T19:01:24.840Z
